{
  "id": "",
  "name": "",
  "font_family": "iconfont",
  "css_prefix_text": "icon-",
  "description": "",
  "glyphs": [
    {
      "icon_id": "705689",
      "name": "锁",
      "font_class": "suo",
      "unicode": "e625",
      "unicode_decimal": 58917
    },
    {
      "icon_id": "10793071",
      "name": "user",
      "font_class": "user",
      "unicode": "e627",
      "unicode_decimal": 58919
    },
    {
      "icon_id": "10793073",
      "name": "validCode",
      "font_class": "validCode",
      "unicode": "e628",
      "unicode_decimal": 58920
    }
  ]
}
